Продукт,Старая цена,Новая цена,Процент скидки,Время акции
"Леденец ЧУПА ЧУПС, Экзотический Тропик, 12г",−30%,14.30,9.99,с 21 декабря до 10 января
"Леденец ЧУПА ЧУПС, Экзотический Тропик, 12г",−30%,14.30,9.99,с 21 декабря до 10 января
"Леденец ЧУПА ЧУПС, Экзотический Тропик, 12г",−30%,14.30,9.99,с 21 декабря до 10 января
"Леденец ЧУПА ЧУПС, Экзотический Тропик, 12г",−30%,14.30,9.99,с 21 декабря до 10 января
"Леденец ЧУПА ЧУПС фрукт+кола, 12г",−19%,12.27,9.99,с 21 декабря до 10 января
"Булка РИЖСКАЯ (СП ГМ), 53г",−20%,14.99,11.99,с 21 декабря до 10 января
"Булка РИЖСКАЯ (СП ГМ), 53г",−20%,14.99,11.99,с 21 декабря до 10 января
"Кофейный напиток JACOBS Классик, 3в1, растворимый, 12г",−28%,17.97,12.99,с 15 декабря до 11 января
"Кофейный напиток JACOBS Классик, 3в1, растворимый, 12г",−28%,17.97,12.99,с 15 декабря до 11 января
"Корм для кошек FELIX® суп с говядиной, 48г",−25%,19.99,14.99,с 21 декабря до 10 января
"Корм для кошек FELIX® суп с курицей, 48г",−25%,19.99,14.99,с 21 декабря до 10 января
"Корм для кошек FELIX® суп с курицей, 48г",−25%,19.99,14.99,с 21 декабря до 10 января
"Корм для кошек FELIX® суп с говядиной, 48г",−25%,19.99,14.99,с 21 декабря до 10 января
"Корм для кошек FELIX® суп с говядиной, 48г",−25%,19.99,14.99,с 21 декабря до 10 января
"Корм для кошек FELIX® суп с треской, 48г",−25%,19.99,14.99,с 21 декабря до 10 января
"Корм для кошек FELIX® суп с курицей, 48г",−25%,19.99,14.99,с 21 декабря до 10 января
"Корм для кошек FELIX® суп с курицей, 48г",−25%,19.99,14.99,с 21 декабря до 10 января
"Корм для кошек FELIX® суп с треской, 48г",−25%,19.99,14.99,с 21 декабря до 10 января
"ДРОЖЖИ Быстродействующие (Турция), 11г",−21%,18.99,14.99,с 21 декабря до 10 января
"Корм для кошек FELIX® суп с говядиной, 48г",−25%,19.99,14.99,с 21 декабря до 10 января
"ДРОЖЖИ Быстродействующие (Турция), 11г",−21%,18.99,14.99,с 21 декабря до 10 января
"Палочка ГРИССИНИ, премиум, с кунжутом (СП ГМ), 100г",−20%,19.99,15.99,с 21 декабря до 10 января
"ДРОЖЖИ Быстродействующие (Турция), 11г",−16%,18.99,15.99,с 21 декабря до 10 января
"Воздушный рис ПРАЗДНИК СЛАСТЕНЫ, в сахарном сиропе, 30г",−20%,19.99,15.99,с 21 декабря до 10 января
"Палочка ГРИССИНИ, премиум, с кунжутом (СП ГМ), 100г",−20%,19.99,15.99,с 21 декабря до 10 января
"Палочка ГРИССИНИ, премиум, с паприкой (СП ГМ), 100г",−20%,19.99,15.99,с 21 декабря до 10 января
"ДРОЖЖИ Быстродействующие (Турция), 11г",−16%,18.99,15.99,с 21 декабря до 10 января
"ДРОЖЖИ Быстродействующие (Турция), 11г",−16%,18.99,15.99,с 21 декабря до 10 января
"Кукурузные палочки СКРЕПЫШИ Вареная сгущенка, 50г",−20%,19.99,15.99,с 21 декабря до 10 января
"Кукурузные палочки СКРЕПЫШИ Вареная сгущенка, 50г",−20%,19.99,15.99,с 21 декабря до 10 января
"Воздушный рис ПРАЗДНИК СЛАСТЕНЫ, в сахарном сиропе, 30г",−20%,19.99,15.99,с 21 декабря до 10 января
"Кукурузные палочки СКРЕПЫШИ Вареная сгущенка, 50г",−20%,19.99,15.99,с 21 декабря до 10 января
"Палочка ГРИССИНИ, премиум, с паприкой (СП ГМ), 100г",−20%,19.99,15.99,с 21 декабря до 10 января
"Суп СЕМЕЙНЫЕ СЕКРЕТЫ, Грибной/Гороховый, 60г",−27%,22.99,16.89,с 21 декабря до 10 января
"Суп СЕМЕЙНЫЕ СЕКРЕТЫ, Грибной/Гороховый, 60г",−27%,22.99,16.89,с 21 декабря до 10 января
"Батончик BOOM карамель-печенье, 42г",−15%,19.99,16.99,с 21 декабря до 10 января
"Батончик BOOM карамель-печенье, 42г",−15%,19.99,16.99,с 21 декабря до 10 января
"Батончик BOOM карамель-печенье, 42г",−15%,19.99,16.99,с 21 декабря до 10 января
"Батончик BOOM карамель-печенье, 42г",−15%,19.99,16.99,с 21 декабря до 10 января
"Вода питьевая СВЯТОЙ ИСТОЧНИК, негазированная, 330мл",−15%,19.99,16.99,с 21 декабря до 10 января
"Суп СЕМЕЙНЫЕ СЕКРЕТЫ, Звездочки, 54г",−32%,24.99,16.99,с 21 декабря до 10 января
"Воздушный рис ПРАЗДНИК СЛАСТЕНЫ, в сахарном сиропе, 30г",−15%,19.99,16.99,с 21 декабря до 10 января
"Суп СЕМЕЙНЫЕ СЕКРЕТЫ, Звездочки, 54г",−32%,24.99,16.99,с 21 декабря до 10 января
"Воздушный рис ПРАЗДНИК СЛАСТЕНЫ, в сахарном сиропе, 30г",−15%,19.99,16.99,с 21 декабря до 10 января
"Воздушный рис ПРАЗДНИК СЛАСТЕНЫ, в сахарном сиропе, 30г",−15%,19.99,16.99,с 21 декабря до 10 января
"Суп СЕМЕЙНЫЕ СЕКРЕТЫ, Грибной/Гороховый, 60г",−22%,22.99,17.89,с 21 декабря до 10 января
"Суп СЕМЕЙНЫЕ СЕКРЕТЫ, Грибной/Гороховый, 60г",−22%,22.99,17.89,с 21 декабря до 10 января
"Суп СЕМЕЙНЫЕ СЕКРЕТЫ, Грибной/Гороховый, 60г",−22%,22.99,17.89,с 21 декабря до 10 января
"Сухарики ВОРОНЦОВСКИЕ, в ассортименте, 40г",−15%,21.19,17.99,с 15 декабря до 11 января
"Изделие булочное ""Брецель"" с кунжутом 130г (СП ГМ)",−22%,22.99,17.99,с 21 декабря до 10 января
